{"inputUnits":[63],"outputUnits":7,"inputs":{"0":{"dtype":"number","min":169.68787296363615,"max":294.49088768131475},"1":{"dtype":"number","min":235.75919197068802,"max":403.78439094788126},"2":{"dtype":"number","min":-0.0021962448954582214,"max":0.0011302903294563293},"3":{"dtype":"number","min":205.32340732904137,"max":314.5550703164539},"4":{"dtype":"number","min":235.33992325514598,"max":383.4551069025143},"5":{"dtype":"number","min":-18.91790771484375,"max":35.27669906616211},"6":{"dtype":"number","min":226.823947171003,"max":331.0873410587889},"7":{"dtype":"number","min":238.84041692316353,"max":376.84077872558595},"8":{"dtype":"number","min":-29.086910247802734,"max":55.228111267089844},"9":{"dtype":"number","min":242.16765941568556,"max":344.14651739807476},"10":{"dtype":"number","min":223.33979304174545,"max":386.1471484059086},"11":{"dtype":"number","min":-35.942657470703125,"max":69.26365661621094},"12":{"dtype":"number","min":240.431946178835,"max":363.2620188924691},"13":{"dtype":"number","min":213.32319353828365,"max":395.5572726242514},"14":{"dtype":"number","min":-42.65309524536133,"max":82.63375854492188},"15":{"dtype":"number","min":228.6625814946119,"max":354.69953348841136},"16":{"dtype":"number","min":242.39889214384073,"max":365.1345187878605},"17":{"dtype":"number","min":-55.36384582519531,"max":56.35858154296875},"18":{"dtype":"number","min":233.888635457291,"max":408.1479298551835},"19":{"dtype":"number","min":234.78959284282587,"max":366.781406311788},"20":{"dtype":"number","min":-63.10704803466797,"max":74.53882598876953},"21":{"dtype":"number","min":238.64976333774058,"max":418.93848367130147},"22":{"dtype":"number","min":209.20906584801486,"max":368.54073774099896},"23":{"dtype":"number","min":-58.09958267211914,"max":86.1368408203125},"24":{"dtype":"number","min":242.6642308385898,"max":429.5200666101407},"25":{"dtype":"number","min":187.7920830021095,"max":373.83153428526333},"26":{"dtype":"number","min":-53.68171691894531,"max":93.78428649902344},"27":{"dtype":"number","min":213.99186662160275,"max":356.7671457920722},"28":{"dtype":"number","min":238.50941059895962,"max":387.0413293108167},"29":{"dtype":"number","min":-46.748268127441406,"max":44.910823822021484},"30":{"dtype":"number","min":223.57036496945,"max":419.4768755962076},"31":{"dtype":"number","min":240.9159570635699,"max":386.766874121953},"32":{"dtype":"number","min":-55.1614990234375,"max":63.489871978759766},"33":{"dtype":"number","min":222.14852644177498,"max":425.8315108735661},"34":{"dtype":"number","min":232.13917170287087,"max":386.33944857850827},"35":{"dtype":"number","min":-51.64712142944336,"max":75.90675354003906},"36":{"dtype":"number","min":220.14736670901164,"max":443.17113595552337},"37":{"dtype":"number","min":214.90420942168015,"max":392.35480821286836},"38":{"dtype":"number","min":-56.2169303894043,"max":85.42578887939453},"39":{"dtype":"number","min":199.6304818927427,"max":351.6397736347242},"40":{"dtype":"number","min":240.14136007222461,"max":406.59403153596327},"41":{"dtype":"number","min":-36.22885513305664,"max":33.98862075805664},"42":{"dtype":"number","min":197.13896235985635,"max":409.13778665873826},"43":{"dtype":"number","min":247.8015371771063,"max":405.82161747977193},"44":{"dtype":"number","min":-43.61845397949219,"max":48.95439910888672},"45":{"dtype":"number","min":200.39266918016634,"max":416.06980385443137},"46":{"dtype":"number","min":233.23721148112028,"max":404.5456419387832},"47":{"dtype":"number","min":-47.700599670410156,"max":59.47237777709961},"48":{"dtype":"number","min":201.33991366789346,"max":436.9189438662061},"49":{"dtype":"number","min":220.29232887338637,"max":403.11801370268273},"50":{"dtype":"number","min":-51.036441802978516,"max":66.92847442626953},"51":{"dtype":"number","min":175.99964820798132,"max":341.04347223618805},"52":{"dtype":"number","min":247.98175495895373,"max":425.40894162084317},"53":{"dtype":"number","min":-43.10883331298828,"max":27.642189025878906},"54":{"dtype":"number","min":174.7323359634411,"max":384.6791214936769},"55":{"dtype":"number","min":250.7302337625318,"max":422.8924443530342},"56":{"dtype":"number","min":-44.21366500854492,"max":36.458858489990234},"57":{"dtype":"number","min":180.2282324199802,"max":397.9537053734308},"58":{"dtype":"number","min":245.32541282003004,"max":421.01247295723846},"59":{"dtype":"number","min":-47.70978546142578,"max":44.889854431152344},"60":{"dtype":"number","min":182.84010940705247,"max":414.06860994179414},"61":{"dtype":"number","min":232.61163281988223,"max":419.7894654721338},"62":{"dtype":"number","min":-49.721435546875,"max":51.452880859375}},"outputs":{"0":{"dtype":"string","min":0,"max":1,"uniqueValues":["Do","Re","Mi","Fa","Sol","La","Ti"],"legend":{"Do":[1,0,0,0,0,0,0],"Re":[0,1,0,0,0,0,0],"Mi":[0,0,1,0,0,0,0],"Fa":[0,0,0,1,0,0,0],"Sol":[0,0,0,0,1,0,0],"La":[0,0,0,0,0,1,0],"Ti":[0,0,0,0,0,0,1]}}},"isNormalized":true}